{"ProjectWatches":"{\"Value\":[]}","OpenedDocuments":"[\"Notepad.xaml\",\"UseGlobalVariable.xaml\",\"DoubleUI-App.xaml\",\"Recorder.xaml\"]","ProjectBreakpoints":"{\"CodeBreakpoints\":{},\"Value\":{\"RunWithCommandLine.xaml\":[{\"ConditionalExpression\":null,\"ActionExpression\":null,\"ExpectedHitCounter\":null,\"ShouldContinueAfterAction\":false,\"IsTransient\":false,\"BreakpointType\":1,\"LocationIdentifier\":\"Use Application: Untitled - Notepad\",\"IsEnabled\":true,\"Id\":\"8d8b0b1f-1b20-4bb3-b262-89a63177ec1d\",\"ActivityIdRef\":\"NApplicationCard_1\",\"ActivityId\":\"1.2\",\"ActivityName\":\"Use Application: Untitled - Notepad\"}],\"Recorder.xaml\":[{\"ConditionalExpression\":null,\"ActionExpression\":null,\"ExpectedHitCounter\":null,\"ShouldContinueAfterAction\":false,\"IsTransient\":false,\"BreakpointType\":1,\"LocationIdentifier\":\"Type Into 'Cash In'\",\"IsEnabled\":true,\"Id\":\"ac2a1030-10c8-4bf3-8424-2f5ab3af11d9\",\"ActivityIdRef\":\"NTypeInto_1\",\"ActivityId\":\"1.54\",\"ActivityName\":\"Type Into 'Cash In'\"}]}}","ProjectActivitiesViewState":"{\"Email-Test.xaml\":[{\"ActivityIdRef\":\"ForEach`1_2\",\"IsAdvancedOptionsExpanded\":false,\"Categories\":{\"\":true},\"Widgets\":{\"Body\":{\"ShowExpanded\":true}}},{\"ActivityIdRef\":\"WriteLine_2\",\"IsAdvancedOptionsExpanded\":false,\"Widgets\":{}}],\"Notepad.xaml\":[],\"UseGlobalVariable.xaml\":[{\"ActivityIdRef\":\"WriteLine_1\",\"IsAdvancedOptionsExpanded\":false,\"Widgets\":{}}],\"DoubleUI-App.xaml\":[]}"}