{"ProjectBreakpoints":"{\"CodeBreakpoints\":{},\"Value\":{\"HttpRequest.xaml\":[{\"ConditionalExpression\":null,\"ActionExpression\":null,\"ExpectedHitCounter\":null,\"ShouldContinueAfterAction\":false,\"IsTransient\":false,\"BreakpointType\":1,\"LocationIdentifier\":\"Log Message\",\"IsEnabled\":false,\"Id\":\"c3e4515c-6a59-424c-be62-d121553513c0\",\"ActivityIdRef\":\"LogMessage_1\",\"ActivityId\":\"1.2\",\"ActivityName\":\"Log Message\"}]}}","ProjectWatches":"{\"Value\":[{\"Id\":\"d360d982-936a-485c-91d0-f017535447ca\",\"Expression\":\"JsonObject(\\\"page\\\").ToString\",\"Type\":0}]}","OpenedDocuments":"[\"Main.xaml\",\"ReadPdfWithOcr.xaml\",\"ExtractPdfRange.xaml\",\"HttpRequest.xaml\"]","ProjectActivitiesViewState":"{\"HttpRequest.xaml\":[]}"}