{
  "Workflows": [
    {
      "Path": null,
      "SortBy": 0,
      "VariablesSectionElementsOrder": null,
      "ArgumentsSectionElementsOrder": null,
      "ConstantsSectionElementsOrder": null,
      "AddedNamespaces": null
    },
    {
      "Path": "Main.xaml",
      "SortBy": 0,
      "VariablesSectionElementsOrder": [
        "myCityArray&Sequence_1",
        "ArrayIndex&Sequence_1"
      ],
      "ArgumentsSectionElementsOrder": null,
      "ConstantsSectionElementsOrder": null,
      "AddedNamespaces": null
    },
    {
      "Path": "Lists.xaml",
      "SortBy": 0,
      "VariablesSectionElementsOrder": null,
      "ArgumentsSectionElementsOrder": null,
      "ConstantsSectionElementsOrder": null,
      "AddedNamespaces": null
    },
    {
      "Path": "YHT_Bilet_Uygulamasi.xaml",
      "SortBy": 0,
      "VariablesSectionElementsOrder": [
        "YhtArray&Sequence_1",
        "Tarih&Sequence_1",
        "Kalkis&Sequence_1",
        "Varis&Sequence_1"
      ],
      "ArgumentsSectionElementsOrder": null,
      "ConstantsSectionElementsOrder": null,
      "AddedNamespaces": null
    },
    {
      "Path": "DateTimeParse.xaml",
      "SortBy": 0,
      "VariablesSectionElementsOrder": [
        "tarihAraligi&Sequence_1",
        "timerEnd&Sequence_1",
        "timerStart&Sequence_1",
        "strTarih&Sequence_1",
        "dateTimeTarih&Sequence_1"
      ],
      "ArgumentsSectionElementsOrder": null,
      "ConstantsSectionElementsOrder": null,
      "AddedNamespaces": null
    },
    {
      "Path": "ControlFlow.xaml",
      "SortBy": 0,
      "VariablesSectionElementsOrder": null,
      "ArgumentsSectionElementsOrder": null,
      "ConstantsSectionElementsOrder": null,
      "AddedNamespaces": null
    },
    {
      "Path": "IsLeapYear.xaml",
      "SortBy": 0,
      "VariablesSectionElementsOrder": [
        "IsLeapYear&Sequence_1",
        "strYear&Sequence_1",
        "intYear&Sequence_1"
      ],
      "ArgumentsSectionElementsOrder": null,
      "ConstantsSectionElementsOrder": null,
      "AddedNamespaces": null
    },
    {
      "Path": "IsLeapYearFlowchart.xaml",
      "SortBy": 0,
      "VariablesSectionElementsOrder": [
        "intYear&Flowchart_1",
        "strYear&Flowchart_1"
      ],
      "ArgumentsSectionElementsOrder": null,
      "ConstantsSectionElementsOrder": null,
      "AddedNamespaces": null
    },
    {
      "Path": "ExcelAutomation.xaml",
      "SortBy": 0,
      "VariablesSectionElementsOrder": [
        "dt_FinalReport&Sequence_1",
        "dt_Report&Sequence_6"
      ],
      "ArgumentsSectionElementsOrder": null,
      "ConstantsSectionElementsOrder": null,
      "AddedNamespaces": null
    },
    {
      "Path": "ExcelAutomationWithWorkbook.xaml",
      "SortBy": 0,
      "VariablesSectionElementsOrder": [
        "dt_Report&Sequence_4",
        "dt_FinalReport&Sequence_2"
      ],
      "ArgumentsSectionElementsOrder": null,
      "ConstantsSectionElementsOrder": null,
      "AddedNamespaces": null
    }
  ]
}