{"ProjectWatches":"{\"Value\":[{\"Id\":\"16d8cc0b-aad0-4722-8c94-2efea859f024\",\"Expression\":\"dateTimeTarih\",\"Type\":0},{\"Id\":\"c0051538-6c4a-4629-95e6-b3ac2ae2dd02\",\"Expression\":\"dateTimeTarih.AddDays(-50)\",\"Type\":0},{\"Id\":\"f63e9ad9-63e6-41f2-91ce-4e5b46cf1f32\",\"Expression\":\"dateTimeTarih.DayOfWeek\",\"Type\":0},{\"Id\":\"e4f1a2be-0bd9-4fb4-b3b8-d8354251ab91\",\"Expression\":\"dateTimeTarih.Year\",\"Type\":0},{\"Id\":\"01cfec7e-fd8c-4614-bd7d-cac77190a248\",\"Expression\":\"tarihAraligi.TotalMilliseconds\",\"Type\":0},{\"Id\":\"7ade2add-856f-4353-b32b-0a917a628884\",\"Expression\":\"intYear\",\"Type\":0},{\"Id\":\"94765fff-3c32-4b49-b509-d46648ae1fc3\",\"Expression\":\"intYear mod 4\",\"Type\":0},{\"Id\":\"d61ad7a5-d67a-4e13-a2fe-80655a86bcbb\",\"Expression\":\"intYear mod 100\",\"Type\":0},{\"Id\":\"b4d133c9-ed04-454b-afa6-5b0e3ea8bece\",\"Expression\":\"intYear mod 4 = 0\",\"Type\":0},{\"Id\":\"3f3a8939-c370-4da5-9fdc-23e7c6723ece\",\"Expression\":\"intYear mod 100 <> 0\",\"Type\":0},{\"Id\":\"31ae04f9-8e97-40c0-8bdf-ecc9d5920b7e\",\"Expression\":\"false AND True\",\"Type\":0}]}","ProjectBreakpoints":"{\"CodeBreakpoints\":{},\"Value\":{\"DateTimeParse.xaml\":[{\"ConditionalExpression\":null,\"ActionExpression\":null,\"ExpectedHitCounter\":null,\"ShouldContinueAfterAction\":false,\"IsTransient\":false,\"BreakpointType\":1,\"LocationIdentifier\":\"Log Message\",\"IsEnabled\":true,\"Id\":\"340239d6-46e4-48a7-93ef-92b893957d42\",\"ActivityIdRef\":\"LogMessage_1\",\"ActivityId\":\"1.36\",\"ActivityName\":\"Log Message\"},{\"ConditionalExpression\":null,\"ActionExpression\":null,\"ExpectedHitCounter\":null,\"ShouldContinueAfterAction\":false,\"IsTransient\":false,\"BreakpointType\":1,\"LocationIdentifier\":\"Log Message\",\"IsEnabled\":true,\"Id\":\"77184a42-51c8-4089-ae61-f1eb07a3e693\",\"ActivityIdRef\":\"LogMessage_2\",\"ActivityId\":\"1.2\",\"ActivityName\":\"Log Message\"}],\"IsLeapYearFlowchart.xaml\":[{\"ConditionalExpression\":null,\"ActionExpression\":null,\"ExpectedHitCounter\":null,\"ShouldContinueAfterAction\":false,\"IsTransient\":false,\"BreakpointType\":1,\"LocationIdentifier\":\"Assign - intYear\",\"IsEnabled\":true,\"Id\":\"2b115c82-6748-4686-b030-e6d8fabc4c21\",\"ActivityIdRef\":\"Assign_1\",\"ActivityId\":\"1.15\",\"ActivityName\":\"Assign - intYear\"}]}}","OpenedDocuments":"[\"ExcelAutomation.xaml\",\"ExcelAutomationWithWorkbook.xaml\"]","ProjectActivitiesViewState":"{\"Main.xaml\":[{\"ActivityIdRef\":\"WriteLine_1\",\"IsAdvancedOptionsExpanded\":false,\"Widgets\":{}},{\"ActivityIdRef\":\"WriteLine_2\",\"IsAdvancedOptionsExpanded\":false,\"Widgets\":{}},{\"ActivityIdRef\":\"WriteLine_4\",\"IsAdvancedOptionsExpanded\":false,\"Widgets\":{}},{\"ActivityIdRef\":\"ForEach`1_1\",\"IsAdvancedOptionsExpanded\":false,\"Categories\":{\"\":true},\"Widgets\":{\"Body\":{\"ShowExpanded\":true}}},{\"ActivityIdRef\":\"WriteLine_5\",\"IsAdvancedOptionsExpanded\":false,\"Widgets\":{}}],\"Lists.xaml\":[{\"ActivityIdRef\":\"AppendItemToCollection`1_2\",\"IsAdvancedOptionsExpanded\":false,\"Categories\":{\"Output\":true},\"Widgets\":{}},{\"ActivityIdRef\":\"WriteLine_1\",\"IsAdvancedOptionsExpanded\":false,\"Widgets\":{}},{\"ActivityIdRef\":\"WriteLine_2\",\"IsAdvancedOptionsExpanded\":false,\"Widgets\":{}},{\"ActivityIdRef\":\"RemoveFromCollection`1_1\",\"IsAdvancedOptionsExpanded\":false,\"Categories\":{\"Output\":true},\"Widgets\":{}},{\"ActivityIdRef\":\"WriteLine_3\",\"IsAdvancedOptionsExpanded\":false,\"Widgets\":{}}],\"YHT_Bilet_Uygulamasi.xaml\":[],\"DateTimeParse.xaml\":[],\"ControlFlow.xaml\":[{\"ActivityIdRef\":\"Break_1\",\"IsAdvancedOptionsExpanded\":false,\"Widgets\":{}}],\"IsLeapYear.xaml\":[{\"ActivityIdRef\":\"If_1\",\"IsAdvancedOptionsExpanded\":false,\"Widgets\":{\"Then\":{\"ShowExpanded\":true},\"Else\":{\"ShowExpanded\":true}}}],\"ExcelAutomation.xaml\":[{\"ActivityIdRef\":\"WriteLine_1\",\"IsAdvancedOptionsExpanded\":false,\"Widgets\":{}},{\"ActivityIdRef\":\"WriteLine_2\",\"IsAdvancedOptionsExpanded\":false,\"Widgets\":{}},{\"ActivityIdRef\":\"MergeDataTable_1\",\"IsAdvancedOptionsExpanded\":false,\"Widgets\":{}},{\"ActivityIdRef\":\"AddDataColumn`1_1\",\"IsAdvancedOptionsExpanded\":false,\"Widgets\":{}},{\"ActivityIdRef\":\"KillProcess_1\",\"IsAdvancedOptionsExpanded\":false,\"Widgets\":{}}],\"ExcelAutomationWithWorkbook.xaml\":[{\"ActivityIdRef\":\"AddDataColumn`1_1\",\"IsAdvancedOptionsExpanded\":false,\"Widgets\":{}},{\"ActivityIdRef\":\"WriteLine_1\",\"IsAdvancedOptionsExpanded\":false,\"Widgets\":{}},{\"ActivityIdRef\":\"WriteLine_2\",\"IsAdvancedOptionsExpanded\":false,\"Widgets\":{}},{\"ActivityIdRef\":\"MergeDataTable_1\",\"IsAdvancedOptionsExpanded\":false,\"Widgets\":{}},{\"ActivityIdRef\":\"MergeDataTable_2\",\"IsAdvancedOptionsExpanded\":false,\"Widgets\":{}}]}"}