{"ProjectWatches":"{\"Value\":[]}","OpenedDocuments":"[\"Main.xaml\",\"ExtractTable.xaml\"]","ProjectBreakpoints":"{\"CodeBreakpoints\":{},\"Value\":{\"ExtractTable.xaml\":[{\"ConditionalExpression\":null,\"ActionExpression\":null,\"ExpectedHitCounter\":null,\"ShouldContinueAfterAction\":false,\"IsTransient\":false,\"BreakpointType\":1,\"LocationIdentifier\":\"Use Application/Browser\",\"IsEnabled\":true,\"Id\":\"9c3d24f8-8ac0-4b8a-9554-25902d1ebff4\",\"ActivityIdRef\":\"NApplicationCard_1\",\"ActivityId\":\"1.5\",\"ActivityName\":\"Use Application/Browser\"}]}}","ProjectActivitiesViewState":"{\"Main.xaml\":[],\"ExtractTable.xaml\":[]}"}