{"ProjectWatches":"{\"Value\":[{\"Id\":\"3c5af854-edfd-4cb4-a37f-1af33795617e\",\"Expression\":\"TransactionItem.SpecificContent(\\\"FilePath\\\").ToString\",\"Type\":0}]}","ProjectSettings":"{\"IncludeSourcesByDefault\":true,\"RemoveUnusedDependencies\":false}","OpenedDocuments":"[\"ApiDemo.xaml\"]","ProjectBreakpoints":"{\"CodeBreakpoints\":{},\"Value\":{\"Dispatcher.xaml\":[{\"ConditionalExpression\":null,\"ActionExpression\":null,\"ExpectedHitCounter\":null,\"ShouldContinueAfterAction\":false,\"IsTransient\":false,\"BreakpointType\":1,\"LocationIdentifier\":\"Assign\",\"IsEnabled\":true,\"Id\":\"84410799-f11a-4e4a-9743-c0fe9c9af2aa\",\"ActivityIdRef\":\"Assign_1\",\"ActivityId\":\"1.12\",\"ActivityName\":\"Assign\"}],\"Performer.xaml\":[{\"ConditionalExpression\":null,\"ActionExpression\":null,\"ExpectedHitCounter\":null,\"ShouldContinueAfterAction\":false,\"IsTransient\":false,\"BreakpointType\":1,\"LocationIdentifier\":\"Get Transaction Item\",\"IsEnabled\":true,\"Id\":\"3cc8edea-940a-4a46-b7f5-ac82947fc877\",\"ActivityIdRef\":\"GetQueueItem_1\",\"ActivityId\":\"1.7\",\"ActivityName\":\"Get Transaction Item\"}]}}","ProjectActivitiesViewState":"{}"}