{"ProjectWatches":"{\"Value\":[{\"Id\":\"710db941-2c81-4834-ba4b-cd0aeaae4f8d\",\"Expression\":\"currentMail.From.Address\",\"Type\":0},{\"Id\":\"03771d59-c6b7-417d-a5ba-0c2baa21f34a\",\"Expression\":\"currentMail.From.Address.ToLower = \\\"akademi@softtech.com.tr\\\"\",\"Type\":0}]}","ProjectSettings":"{\"IncludeSourcesByDefault\":true,\"RemoveUnusedDependencies\":false}","OpenedDocuments":"[\"Main.xaml\",\"SendEmail.xaml\"]","ProjectBreakpoints":"{\"CodeBreakpoints\":{},\"Value\":{}}","ProjectActivitiesViewState":"{\"Main.xaml\":[{\"ActivityIdRef\":\"ForEach`1_1\",\"IsAdvancedOptionsExpanded\":false,\"Categories\":{\"\":true},\"Widgets\":{\"Body\":{\"ShowExpanded\":true}}},{\"ActivityIdRef\":\"WriteLine_1\",\"IsAdvancedOptionsExpanded\":false,\"Widgets\":{}},{\"ActivityIdRef\":\"If_1\",\"IsAdvancedOptionsExpanded\":false,\"Widgets\":{\"Then\":{\"ShowExpanded\":true},\"Else\":{\"ShowExpanded\":true}}}],\"SendEmail.xaml\":[]}"}