{"ProjectWatches":"{\"Value\":[]}","OpenedDocuments":"[\"Main.xaml\",\"Notepad.xaml\",\"RunWithCommandLine.xaml\"]","ProjectBreakpoints":"{\"CodeBreakpoints\":{},\"Value\":{\"RunWithCommandLine.xaml\":[{\"ConditionalExpression\":null,\"ActionExpression\":null,\"ExpectedHitCounter\":null,\"ShouldContinueAfterAction\":false,\"IsTransient\":false,\"BreakpointType\":1,\"LocationIdentifier\":\"Use Application: Untitled - Notepad\",\"IsEnabled\":true,\"Id\":\"8d8b0b1f-1b20-4bb3-b262-89a63177ec1d\",\"ActivityIdRef\":\"NApplicationCard_1\",\"ActivityId\":\"1.2\",\"ActivityName\":\"Use Application: Untitled - Notepad\"}]}}","ProjectActivitiesViewState":"{\"DoubleUI-App.xaml\":[],\"Notepad.xaml\":[],\"RunWithCommandLine.xaml\":[]}"}