{
  "Workflows": [
    {
      "Path": null,
      "SortBy": 0,
      "VariablesSectionElementsOrder": null,
      "ArgumentsSectionElementsOrder": null,
      "ConstantsSectionElementsOrder": null,
      "AddedNamespaces": null
    },
    {
      "Path": "TestSequence.xaml",
      "SortBy": 0,
      "VariablesSectionElementsOrder": null,
      "ArgumentsSectionElementsOrder": null,
      "ConstantsSectionElementsOrder": null,
      "AddedNamespaces": null
    },
    {
      "Path": "TestFlowChart.xaml",
      "SortBy": 0,
      "VariablesSectionElementsOrder": null,
      "ArgumentsSectionElementsOrder": null,
      "ConstantsSectionElementsOrder": null,
      "AddedNamespaces": null
    },
    {
      "Path": "Main.xaml",
      "SortBy": 0,
      "VariablesSectionElementsOrder": [
        "sayiA&Sequence_1",
        "Sum&Sequence_1",
        "CalculationStatus&Sequence_1",
        "numberB&Sequence_1"
      ],
      "ArgumentsSectionElementsOrder": null,
      "ConstantsSectionElementsOrder": null,
      "AddedNamespaces": null
    },
    {
      "Path": "VariablesSequence.xaml",
      "SortBy": 0,
      "VariablesSectionElementsOrder": [
        "myDateTime&Sequence_1",
        "UserStatus&Sequence_1",
        "Username&Sequence_1"
      ],
      "ArgumentsSectionElementsOrder": null,
      "ConstantsSectionElementsOrder": null,
      "AddedNamespaces": null
    },
    {
      "Path": "VariablesSequence.xaml",
      "SortBy": 0,
      "VariablesSectionElementsOrder": null,
      "ArgumentsSectionElementsOrder": null,
      "ConstantsSectionElementsOrder": null,
      "AddedNamespaces": null
    },
    {
      "Path": "CalculateAge.xaml",
      "SortBy": 0,
      "VariablesSectionElementsOrder": [
        "Result&Sequence_1",
        "Age&Sequence_1",
        "int_BirthYear&Sequence_1",
        "str_BirthYear&Sequence_1",
        "Fullname&Sequence_1",
        "FirstLetter&Sequence_1"
      ],
      "ArgumentsSectionElementsOrder": null,
      "ConstantsSectionElementsOrder": null,
      "AddedNamespaces": null
    },
    {
      "Path": "CalculateSum.xaml",
      "SortBy": 0,
      "VariablesSectionElementsOrder": [
        "Fullname&Sequence_1",
        "FirstLetter&",
        "str_BirthYear&",
        "int_BirthYear&",
        "Age&",
        "Result&"
      ],
      "ArgumentsSectionElementsOrder": [
        "CalculationStatus",
        "out_sum",
        "in_numberB",
        "in_numberA"
      ],
      "ConstantsSectionElementsOrder": null,
      "AddedNamespaces": null
    },
    {
      "Path": "Sequence.xaml",
      "SortBy": 0,
      "VariablesSectionElementsOrder": [
        "variable1&Sequence_1",
        "variable2&Sequence_1"
      ],
      "ArgumentsSectionElementsOrder": null,
      "ConstantsSectionElementsOrder": null,
      "AddedNamespaces": null
    }
  ]
}