{"ProjectSettings":"{\"IncludeSourcesByDefault\":true,\"RemoveUnusedDependencies\":false}","ProjectWatches":"{\"Value\":[]}","ProjectBreakpoints":"{\"CodeBreakpoints\":{},\"Value\":{}}","OpenedDocuments":"[\"TestFlowChart.xaml\",\"CalculateSum.xaml\",\"Main.xaml\",\"Sequence.xaml\"]","ProjectActivitiesViewState":"{\"TestSequence.xaml\":[],\"VariablesSequence.xaml\":[],\"CalculateAge.xaml\":[{\"ActivityIdRef\":\"WriteLine_1\",\"IsAdvancedOptionsExpanded\":false,\"Widgets\":{}}],\"Main.xaml\":[],\"TestFlowChart.xaml\":[],\"Sequence.xaml\":[]}"}